Title,OverallScore,Grade,title_exception,TitleScore,TagsScore,DescriptionScore,FocusKeywords,tag_Exception,Tags,Description
"Handmade Ceramic Mug, Coffee Cup - Modern Pottery Gift",2.56,B,title score wrong,2.2,2.29,3.8,,,"handmade ceramic mug,coffee cup,modern pottery,unique gift,kitchen decor,housewarming gift,tea cup,ceramic,pottery,mug,gift,cup,drinkware","This handmade ceramic mug is perfect for your morning coffee or afternoon tea. Each piece is handcrafted with care and attention to detail, making it a unique addition to your kitchen.

‚Ä¢ Made from high-quality stoneware clay
‚Ä¢ Microwave and dishwasher safe
‚Ä¢ Holds approximately 12oz
‚Ä¢ Dimensions: 3.5"" tall x 3"" diameter

This modern pottery piece makes a wonderful housewarming gift or present for the coffee lover in your life. The minimalist design complements any kitchen decor style."
Personalized Leather Journal | Custom Notebook - Anniversary Gift,2.82,B,,2.2,2.85,4,,,"personalized journal,leather notebook,custom journal,anniversary gift,personalized gift,leather diary,travel journal,bullet journal,sketchbook,writing journal,graduation gift,leather gift,monogram","Treasure your thoughts and memories in this beautiful personalized leather journal. Each notebook is handcrafted using genuine leather that develops a rich patina over time.

‚úì Customized with your name, initials, or a short message
‚úì Premium 100-page acid-free paper (200 pages front & back)
‚úì Available in multiple colors: Brown, Black, Cognac, Burgundy
‚úì Dimensions: 8.5"" x 5.5"" - perfect for carrying in your bag

This custom leather notebook makes a thoughtful anniversary gift, graduation present, or personal treat. Use it as a daily planner, bullet journal, sketchbook, travel diary, or writing journal. 

üéÅ Ships in a gift box ready for giving!"
"Minimalist Wall Art Print Set of 3, Black and White Abstract Posters",3.02,B,,1.8,3.75,4,,,"wall art set,minimalist print,black and white art,abstract print,gallery wall,living room decor,wall decor,modern art,printable wall art,abstract poster,office decor,scandinavian art,wall prints","Create a stylish gallery wall with this set of 3 minimalist black and white abstract prints. These modern art posters add sophistication to any space with their clean lines and timeless design.

What's included:
‚Ä¢ 3 high-quality digital art prints
‚Ä¢ Multiple size options from 5x7"" to 24x36""
‚Ä¢ Printed on premium 230gsm matte paper
‚Ä¢ Archival-quality inks for long-lasting color

üñºÔ∏è FRAMES NOT INCLUDED - these are prints only

These versatile wall prints work beautifully in living rooms, bedrooms, offices, or entryways. The minimalist black and white aesthetic coordinates effortlessly with any decor style from Scandinavian to modern to classic.

Simply download, print, and transform your space with this elegant wall art set!"
Handmade Scented Soy Candles | Eco-friendly Home Fragrance üïØÔ∏è,2.72,B,title score wrong,1.8,3.09,3.8,,"""environmentally friendly"" exceeds 20 char max limit","soy candles,handmade candle,scented candle,eco friendly,aromatherapy,home fragrance,vegan candle,gift for her,relaxation gift,self care,natural candle,home decor,environmentally friendly","Fill your home with delightful fragrance with our handmade soy candles! Made with 100% natural soy wax, cotton wicks, and premium essential oil blends for a clean, long-lasting burn.

‚ú® Available scents:
‚Ä¢ Lavender & Sage - Calming and herbaceous
‚Ä¢ Vanilla & Cinnamon - Warm and comforting
‚Ä¢ Fresh Linen - Clean and airy
‚Ä¢ Eucalyptus & Mint - Refreshing and invigorating

Each candle features:
‚Ä¢ 40+ hour burn time
‚Ä¢ Eco-friendly soy wax from U.S. grown soybeans
‚Ä¢ Zero paraffin, phthalates, or petroleum
‚Ä¢ Reusable and recyclable container

Our environmentally friendly candles make perfect gifts for relaxation, self-care packages, or adding ambiance to your home decor. Every candle is hand-poured in small batches to ensure quality and attention to detail.

üíö Vegan | Cruelty-free | Sustainable"