title,tags,description
"12 PACK 2"" Essential Worker Hard Hat Sticker VARIETY Pack, Nuclear Toxic Hazard Essential Employee Social Distancing Sticker Decal Gift","Toxic,Hazard,Hard Hat Stickers,Hard Hat,Hard Hat Decal,Essential Worker,Electrician,Welder,Machanic,Plumber,Lineman,Skull","‚ò¢  Great for the whole shift, team, or work crew.
‚ò¢  Weather & Water resistant
‚ò¢  MADE IN THE USA
‚ò¢  Shipped FAST & FREE

Hand Made In The USA! 
Our stickers are custom, made to order, designed, cut, and shipped from our studio right here in the great state of Maine. We use only the highest quality ink and vinyl materials, 100% AMERICAN MADE and MADE TO LAST. Fully laminated with UV protection film that makes them incredibly durable, scratch-proof, waterproof, and weatherproof for years. 

Our graphic decals & sticker products are easy to apply and perfectly suited for any smooth surface such as a helmet, hard hat, bumper, toolbox, game console, motorcycle, scrapbook, window, kayak, canoe, RV, camper, yeti cooler, boat, wall, car, truck, laptop, surfboard, skateboard, snowboard, fridge, water bottle, or tumbler. Literally any smooth, non-porous, CLEAN surface, just peel and stick!

Sizing & Colors: 
Sizes are approximate and are listed in inches as Width x Height (""). The height is proportional to the width. Colors may vary slightly from the actual sticker you receive. Since every computer screen is different with varying levels of accurate color calibration, slight variants can be expected.

FAST & FREE Shipping:
We ship all orders either the same day or next. We always ship within 24 hours unless your order is placed on the weekend or a holiday, then it‚Äôll go out on the very next business day. Please note that standard first class mail does not have tracking. If your order is over $20.00, a tracking number will be provided. If your order is under $20.00, there will not be tracking information unless requested. (just message us). Your items will arrive to your mailbox either in a #10 white envelope or manila envelope from 207 THREADS in the return address. Please do not mistake this for junk mail. (it‚Äôs happened! :)

Return Policy / Exchanges / Refunds:
Returns are only granted if the decal is unused. We are not responsible for incorrect installation. HOWEVER‚Ä¶ Customer satisfaction is our priority! If you‚Äôre unhappy with our products for any reason, please send us a message first before leaving negative feedback. I assure you that we will do everything we can to make things right and assure your ultimate satisfaction. We value your business and we don‚Äôt just want to sell you one sticker, we want you to be so happy with your purchase that you return for more and feel great about recommending us to others.

Custom Orders & Requests
If you have a unique design that you‚Äôd like created, or would like to order one of our existing designs in a different size or color, please message us anytime and we‚Äôll make it happen for you!

Copyright Protected.
All of our designs are created from scratch in-house and are unique creations that are protected under international copyright law. Violators have been, and will continue to be, prosecuted."
"15 Essential Worker Hard Hat Sticker Pack 5 of 3 Designs Patriotic USA Skull Gas Mask & Gray International Brotherhood. 2"" Helmet Decal Gift","Skull,America,Patriotic,Essential Worker,Construction,Electrician,Hard Hat Sticker,Hard Hat Decal,Toolbox,Helmet,Welder,Mechanic,Flag","15 PACK 2"" Essential Worker Hard Hat Sticker VARIETY Pack Nuclear Toxic Hazard High Quality Vinyl Essential Employee Social Distancing Stickers

‚ò¢  Great for the whole shift, team, or work crew.
‚ò¢  Fadeproof, Weatherproof, & Waterproof
‚ò¢  MADE IN THE USA
‚ò¢  Shipped FAST & FREE

15 Pack Essential Worker Hard Hat Sticker Variety Pack. 5 ea. of 3 Designs: American Flag Patriotic USA, Red Gas Mask & Gray International Brotherhood of Essential Workers. 2"" Helmet Decals for Entire Work Team or Construction Crew!

You get 5 two inch hard hat stickers of 3 Limited Edition Designs: USA Patriotic American Flag Skull on an American Flag. Red Skull with a gas mask toxic bio hazard symbols. Black & Gray Skull International Brotherhood of Essential Workers Logo Design. These 2 INCH Round Circular Decals Feature a Strong Laminate Layer Making them Fully Weather & Water Resistant and WILL NOT FADE.

These are vinyl decals so they will conform to rounded surfaces like hard hats with NO WRINKLES. Designed for hard hats & helmets but will also stick to most other surfaces Including car & truck bumpers, windows, paper, metal, and plastics. Also great for coolers and lunchboxes. join the brotherhood of essential workers in snuffing out the virus.

Fantastic morale booster for the whole crew. Great gift idea for that special Essential worker in your life who's working towards a better tomorrow.

Pairs nicely with other essential worker appreciation gifts such as essential worker bracelets, badges, banners, buttons, pins, coffee mugs, glasses, hoodies, patches, keychains, lanyards, lawn signs, magnets, tshirts, & sweatshirts!"
"1901 Original Maine Flag Trucker hat, Vintage Maine Patch Hat, Leather Patch Cap, Maine Flag Trucker Hat Maine Gifts from Maine Lover ME Hat","Original Maine Flag,1901 Maine Flag,Vintage Maine Flag,Maine Hat,Maine Flag Cap,Maine Patch Hat,Maine Trucker Hat,Lone Pine Hat,Maine Dad Hat,Portland ME Hat,State of Maine Hat,Maine State Flag,Leather Patch Hats","Discover the classic charm of our Richardson 112 Old 1901 Vintage Maine Flag trucker hat with an originally designed leatherette patch that displays your love of the Original Maine Flag.

Hat Specifications:
- Design: 6 Panel Structured Trucker Style
- Structured, Mid-Profile
- Multiple Color Combinations
- Blend of Cotton-Poly and Breathable Nylon Mesh
- Adjustable Snapback Closure, One Size Fits Most

Care Instructions: 
To maintain your hat's condition, hand wash it gently in cold water, targeting only the areas that need cleaning. Use a damp cloth for spot cleaning and avoid submerging the hat in water, especially around the patch. Avoid cleaning hats in washing machines and dishwashers to prevent damage.

Return and Exchange Policy: 
All of our hats are custom made to order. As with most small business craft sellers here on Etsy, we do not carry stock or inventory of our products like Amazon and the big box stores do, so thank you for understanding our no returns/no exchanges policy. However, please do reach out to us for assistance if you feel there might be a defect in your hat as we stand by the quality of our products and are always willing and open to fair resolutions for both parties. 

Delivery Terms: 
We remind our customers to ensure a secure drop-off location for packages. Once a package is marked as delivered, we cannot offer refunds for stolen or lost items post-delivery. In such cases, please understand it is up to the buyer to contact their local Post Office or specified delivery carrier for assistance.

Thank you for choosing 207 Threads for your custom headwear needs!"
"2.5"" Joe Biden Gas Sticker Packs, Bulk Biden Gas pump Stickers, Funny I Did That Biden Finger Pointing Sticker Set High Fuel Prices Fail USA","Biden Gas Sticker,Biden I Did That,Gas Pump Decals,Biden Decal,Biden Finger Point,Impeach Biden,You Know The Thing,Biden I Did This,President Gas Prices,Funny Biden Trump US,Trump MAGA USA,Make America,Great Again","2.5"" Joe Biden Gas Sticker Packs, Bulk Biden Gas pump Stickers, Funny I Did That Biden Finger Pointing Sticker Set High Fuel Prices Fail Failure

‚ò¢  Weather & Waterproof
‚ò¢  MADE IN THE USA
‚ò¢  Shipped FAST & FREE

Hand Made In The USA! 
Our stickers are custom, made to order, designed, cut, and shipped from our studio right here in the great state of Maine. We use only the highest quality ink and vinyl materials, 100% AMERICAN MADE and MADE TO LAST. Fully laminated with UV protection film that makes them incredibly durable, scratch-proof, waterproof, and weatherproof for years. 

Our graphic decals & sticker products are easy to apply and perfectly suited for any smooth surface such as a helmet, hard hat, bumper, toolbox, game console, motorcycle, scrapbook, window, kayak, canoe, RV, camper, yeti cooler, boat, wall, car, truck, laptop, surfboard, skateboard, snowboard, fridge, water bottle, or tumbler. Literally any smooth, non-porous, CLEAN surface, just peel and stick!

Sizing & Colors: 
Sizes are approximate and are listed in inches as Width x Height (""). The height is proportional to the width. Colors may vary slightly from the actual sticker you receive. Since every computer screen is different with varying levels of accurate color calibration, slight variants can be expected.

FAST & FREE Shipping:
We ship all orders either the same day or next. We always ship within 24 hours unless your order is placed on the weekend or a holiday, then it‚Äôll go out on the very next business day. Please note that standard first class mail does not have tracking. If your order is over $20.00, a tracking number will be provided. If your order is under $20.00, there will not be tracking information unless requested. (just message us). Your items will arrive to your mailbox either in a #10 white envelope or manila envelope from 207 THREADS in the return address. Please do not mistake this for junk mail. (it‚Äôs happened! :)

Return Policy / Exchanges / Refunds:
Returns are only granted if the decal is unused. We are not responsible for incorrect installation. HOWEVER‚Ä¶ Customer satisfaction is our priority! If you‚Äôre unhappy with our products for any reason, please send us a message first before leaving negative feedback. I assure you that we will do everything we can to make things right and assure your ultimate satisfaction. We value your business and we don‚Äôt just want to sell you one sticker, we want you to be so happy with your purchase that you return for more and feel great about recommending us to others.

Custom Orders & Requests
If you have a unique design that you‚Äôd like created, or would like to order one of our existing designs in a different size or color, please message us anytime and we‚Äôll make it happen for you!

Copyright Protected.
All of our designs are created from scratch in-house and are unique creations that are protected under international copyright law. Violators have been, and will continue to be, prosecuted.

Related Searches:
Protected by the 2nd Amendment rear window decal, 2nd amendment sticker pack, 2nd amendment stickers free, 2nd amendment flag decal, gun stickers, 2nd amendment stickers amazon, pro gun decals"
"4 PACK - 3"" Craft Beer Stickers Pack. Lot of 4 Cool IPA India Pale Ale Logo Decals. Support  Drink Local Beer Great Beer Gift for Brewers","IPA,Brewery,Brewmaster,Cooler Stickers,Fridge Stickers,Beer Decals,Beer,Craft Beer,Hopps,Patch,Badge,IPA Lot When I Drink,In the pursuit of","4 PACK - 3"" Craft Beer Stickers Pack. Lot of 4 Cool IPA India Pale Ale Logo Decals. Support  Drink Local Beer Great Beer Gift for Brewers


+  1 IPA Lot When I Drink Sticker

+  1 TANKED Craft Beer Growler Sticker

+  1 In The Pursuit of Hoppiness Stickler

+  1 IPA NFL Logo Parody Sticker

+  Shipped FAST & FREE Weather & Water resistant - Funny & Cool Beer Stickers MADE IN THE USA - Support Local Beer!"
"Acadia Hoodie, Preppy Trendy Acadia National Park Sweatshirt Light Pink & Baby Blue",,"Everyone needs a cozy go-to hoodie to curl up in, so go for one that's soft, smooth, and stylish. It's the perfect choice for cooler evenings!

‚Ä¢ 50% pre-shrunk cotton, 50% polyester
‚Ä¢ Fabric weight: 8.0 oz/yd¬≤ (271.25 g/m¬≤)
‚Ä¢ Air-jet spun yarn with a soft feel and reduced pilling
‚Ä¢ Double-lined hood with matching drawcord
‚Ä¢ Quarter-turned body to avoid crease down the middle
‚Ä¢ 1 √ó 1 athletic rib-knit cuffs and waistband with spandex
‚Ä¢ Front pouch pocket
‚Ä¢ Double-needle stitched collar, shoulders, armholes, cuffs, and hem
‚Ä¢ Blank product sourced from Honduras, Mexico, or Nicaragua"
Acadia National Park Gifts Sweatshirt Acadia Hoodie Bar Harbor Mt Desert Island Maine Coast Anchor Nautical Sweater,"Maine Sweatshirt,Maine Hoodie,Hooded Sweatshirts,Acadia National Park,Bar Harbor,Vacation Camping,Maine Gifts,Moose Whale Anchor,Cadillac Mountain,Bass Harbor,Headlight Lighthouse,national park gifts,nationalpark","Everyone needs a cozy go-to hoodie to curl up in, so go for one that's soft, smooth, and stylish. It's the perfect choice for cooler evenings!

‚Ä¢ 50% pre-shrunk cotton, 50% polyester
‚Ä¢ Fabric weight: 8.0 oz/yd¬≤ (271.25 g/m¬≤)
‚Ä¢ Air-jet spun yarn with a soft feel and reduced pilling
‚Ä¢ Double-lined hood with matching drawcord
‚Ä¢ Quarter-turned body to avoid crease down the middle
‚Ä¢ 1 √ó 1 athletic rib-knit cuffs and waistband with spandex
‚Ä¢ Front pouch pocket
‚Ä¢ Double-needle stitched collar, shoulders, armholes, cuffs, and hem
‚Ä¢ Blank product sourced from Honduras, Mexico, or Nicaragua"
Acadia Sweatshirt | National Park Shirt Gift | Cozy Acadia Crewneck Crew | Bar Harbor Maine Sweater Vintage Retro Clothing USA,"Acadia,National Park Shirt,Crewneck Sweatshirt,Bar Harbor Maine,Hike Camp Hoodie,Map Decor Patch Sign,Pin Decal Art Print,50s 60s 70s 80s 90s,Positive Good Vibes,Trendy Beach Tumblr,VSCO Aesthetic Love,Preppy Brandy Coast,Melville Sorority US","Acadia National Park Sweatshirt | Acadia Crewneck Crew | Bar Harbor Sweater | Maine Vintage Retro 60s 70s 80s 90s

A sturdy and warm sweatshirt bound to keep you warm in the colder months. A pre-shrunk, classic fit sweater that's made with air-jet spun yarn for a soft feel and reduced pilling.

‚Ä¢ 50% cotton, 50% polyester
‚Ä¢ Pre-shrunk
‚Ä¢ Classic fit
‚Ä¢ 1x1 athletic rib knit collar with spandex
‚Ä¢ Air-jet spun yarn with a soft feel and reduced pilling
‚Ä¢ Double-needle stitched collar, shoulders, armholes, cuffs, and hem"
Akron Sweatshirt | Soft Cozy Akron Ohio Sweatshirt Crewneck Sweater Vintage College University Souvenir Gifts OH USA,"Akron Sweater,Akron,Ohio USA,Akron OH,Sweatshirt Crewneck,OH Beach Apparel,Akron Hoodie,River Lake Life,OH Vacation Camping,Ohio Souvenir,Outdoors Adventure,Akron Shirt,College Sweatshirt","Akron Sweatshirt | Soft Cozy Akron Ohio Sweatshirt Crewneck Sweater Vintage College University Souvenir Gifts OH USA

A sturdy and warm sweatshirt bound to keep you warm in the colder months. A pre-shrunk, classic fit sweater that's made with air-jet spun yarn for a soft feel and reduced pilling.

‚Ä¢ 50% cotton, 50% polyester
‚Ä¢ Pre-shrunk
‚Ä¢ Classic fit
‚Ä¢ 1x1 athletic rib knit collar with spandex
‚Ä¢ Air-jet spun yarn with a soft feel and reduced pilling
‚Ä¢ Double-needle stitched collar, shoulders, armholes, cuffs, and hem"
Alabama Hat | Alabama Flag Hat for Men & Women. Alabama Home State AL Baseball Cap | Bama Roll Richardson 112 Snapback Trucker,"Alabama Hat,Alabama Flag Hat,Alabama Trucker Hat,Alabama Gifts,Bama Roll Tide,Beach Campfire Biker,Alabama Shirt,Alabama Tshirt,Alabama Home,alabama crimson tide,crimson tide hat,roll tide,Bama Shirt","Black Gray Alabama Hat Alabama Flag Hat for Men & Women. Alabama State Snapback Baseball Cap | Bama Roll

Complete your outfit with an embroidered trucker cap‚Äîcombine it with a sports tee, slacks, and comfy shoes. It has a classic structured fit, adjustable plastic snapback, and a curved visor that matches its underbill. 

‚Ä¢ 60% cotton, 40% polyester
‚Ä¢ 100% polyester mesh back
‚Ä¢ Structured, 6-panel, mid-profile cap
‚Ä¢ Pre-curved contrast stitched visor
‚Ä¢ Underbill matches visor color
‚Ä¢ Adjustable plastic snapback

Black Gray Alabama Hat Alabama Flag Hat for Men & Women. Alabama State Snapback Baseball Cap | Bama Roll"
1st Birthday Aegean Blue Slim Fit Sleeveless Outfit. First Birthday Romper. One Shirt. Baby Boy 1st Birthday. One Baby Boy Birthday Outfit.,"1st birthday outfit,1st birthday,1st birthday shirt,first birthday,boy 1st birthday,baby boy outfit,baby boy romper,baby fashion,trendy baby,baby's 1st birthday,1st birthday romper,wild one,wild and one","1st birthday Romper!   This adorable Blue romper is the perfect addition to your little one's first birthday!
* Available in 6,9,12, and 18 month sizes.  Also available in 2T and 3T. 
* Romper is a full length romper. 
* Snaps at one shoulder for easy on and off.  Please note there are no snaps at the leg, to change a diaper the romper will need to be unsnapped at the shoulder.

This listing is for the romper only, but...
We also carry accessories and mom, dad , and sibling shirts all available in the ""One Birthday"" section of our shop.  You can find that here:
https://www.etsy.com/shop/2troubleboys?ref=simple-shop-header-name&listing_id=768848534&section_id=25625515

You may choose to add a child's name and the number ""1"" to the back of the romper. (If you choose the front and back option, please remember to add the name you'd like to the ""notes to seller"" at checkout.)  The name and the number ""1"" automatically come together with the front and back option.  If you do not want one or the other, please let me know in the ""notes to seller""
If no name is wanted please put ""none"" in the box.

Sizing information:
6 Month: Shoulder to between legs 14"" . Shoulder to ankle 20"".
9 Month: Shoulder to between legs 15"". Shoulder to ankle 22.5"".
12 Month: Shoulder to between legs 16"". Shoulder to ankle 23.5"".
18 Month: Shoulder to between legs 16.5"". Shoulder to ankle 24.5"".
2T: Shoulder to between legs 17.5"". Shoulder to ankle 26""
3T: Shoulder to between legs 19"". Shoulder to ankle. 29""
 
Based on our other rompers, we believe this romper runs a little small.  Please use measurements to ensure proper fit.

Measuring directions:
The best way to measure is to take an existing bodysuit and measure from the middle of the shoulder to the crotch area. Then compare to the measurements listed above.  If you are unsure, we always recommend sizing up. Make sure to take into account any growth that may take place if you order in advance.

Wanting the writing in a different color?  Please contact us for options!

Care instructions: 
Hand wash or machine wash on gentle cycle only
lay flat to dry or dry inside out on low only.
Do not use fabric softner or bleach."
1st Birthday Baby Boy Outfit.  Minimalist First Birthday Long Sleeved Tee.  White bodysuit with Gray Crown Birthday Shirt. 1st Birthday Hat.,"One 1st Birthday,minimalist birthday,White and Silver,first birthday,1st birthday outfit,Birthday Crown boy,birthday hat unisex,Simple 1st birthday,Baby first birthday,One Tshirt,Wild One,Gray crown,cake smash","Celebrate your little one's first birthday with our minimalist white and silver 1st birthday bodysuit and crown combo!
This listing includes (1) bodysuit in your choice of size with ""One"" in silver writing AND (1) gray crown with ""one"" in white writing.
You may also choose to add your child's name and the number ""1"" to the back of the bodysuit

Our bodysuits come in several sizes with an option for long sleeved or short sleeved.
Gray crown fits a head circumfrence of between 15"" and 20"".

Other great first birthday outfits available.  Please visit our shop to see all our options!

This listing is for the romper only, but...
We also carry accessories and mom, dad , and sibling shirts all available in the ""One Birthday"" section of our shop.  You can find that here:
https://www.etsy.com/shop/2troubleboys?ref=simple-shop-header-name&listing_id=768848534&section_id=25625515"
1st Birthday Baseball Shirt.  One Outfit.  First Birthday Boy.  Personalized Baseball Raglan T-Shirt.  Sports Birthday Tee.,"Raglan Baseball,baseball outfit,Toddler baseball,baseball theme,swoosh,personalized,Custom,One Baseball,First Birthday,Rookie of the Year,1st  Baseball,Baseball boy,little slugger","Celebrate your little one's love of the game in our baseball themed 1st birthday shirt.

We offer our raglan shirt sleeves in 3 colors (Black, Red, or Navy) and several sizes! (12mo-5T)  All writing is done in BLACK unless otherwise specified!

Shirt comes with a child's name and the number ""1"" on the back. Please leave the name you would like for the back in the ""Personalization"" section. If you do not want one or the other, please let me know in the ""Notes to Seller"" section.  

Sizing information can be found in the photo section. 

These shirts consists of a Cotton/Poly blend. 

Follow the link below to see the rest of our Baseball & Football Collection!
https://www.etsy.com/shop/2troubleboys?ref=seller-platform-mcnav&section_id=29152679

Care instructions: 
Machine wash cold with like colors.
Lay flat to dry.
Do not use fabric softener or bleach."
1st Birthday Dump Truck Romper with Striped Cuff.  Construction Theme Shirt. Baby Boy 1st Birthday. Dump Truck Themed Party Outfit.,"1st birthday outfit,1st birthday shirt,first birthday,wild one romper,baby boy outfit,baby boy romper,baby's 1st birthday,Navy,Red,Black,Construction,Dump Truck,Yellow and Black","Construction Themed 1st birthday Romper! This adorable sleeveless 3/4 length romper is the perfect addition to your little one's first birthday!

* Available in 9 month, 12 month, 18 month, 24 month sizes.
* Black Romper with black and white cuffs 
* Navy Romper with navy and white cuffs
* Bright Red Romper with bright red and white cuffs 
(Cuffs on rompers are meant to hit just beneath the knee)
* Snaps at each shoulder for easy on and off.  Please note there are no snaps at the leg, to change a diaper the romper will need to be unsnapped at the shoulder.

You may choose to add your child's name to the back as well as the number ""1"" (these come together) Please make sure to leave your child's name in the personalization box at checkout.

Sizing information:
Available in the 2nd picture in the listing
 
Please. please, please check measurements to ensure proper size.  The amount of stretch is less than an the average bodysuit.
The best way to measure is to take an existing bodysuit and measure from the middle of the shoulder to the crotch area. Compare that measurement to the measurement listed.  Make sure to take into account any growth that may take place if you order in advance.

Care instructions: 
Hand wash or machine wash on gentle cycle only.
Lay flat to dry or dry inside out on low only."
1st Birthday Gray Sleeveless Outfit. First Birthday Romper. One Shirt. Baby Boy 1st Birthday. One Baby Boy Birthday Outfit.,"1st birthday outfit,1st birthday,1st birthday shirt,first birthday,boy 1st birthday,baby boy outfit,baby boy romper,baby fashion,trendy baby,baby's 1st birthday,1st birthday romper,wild one,wild and one","1st birthday Romper! This adorable gray romper is the perfect addition to your little one's first birthday!
* Available in 6 month, 9 month, 12 month, & 18 month sizes.  Also available in 2T and 3T. 
* Gray romper with White design.
* Romper is a full length romper. 
* Snaps at one shoulder for easy on and off. Please note there are no snaps at the leg, to change a diaper the romper will need to be unsnapped at the shoulder.

You may choose to add a child's name and the number ""1"" to the back of the romper. (If you select the front and back option, please remember to add the name you'd like to the ""Personalization"" box).  The name and the number ""1"" automatically come together with the front & back option.  If you do not want one or the other, please let me know in the ""Notes to Seller"" section.  
If no name is wanted please put ""none"" in the box.

Sizing information can be found in the photo section. 

Please. please, please check measurements to ensure proper size. The amount of stretch is less than an the average bodysuit.
The best way to measure is to take an existing bodysuit and measure from the middle of the shoulder to the crotch area.  Make sure to take into account any growth that may take place if you order in advance.
 
Based on our other rompers, we believe this romper runs a little small.  Please use measurements to ensure proper fit.

This romper consists of a 100% Cotton material. 

Wanting the writing in a different color? Please contact us prior to ordering for options!

Care instructions: 
Machine wash cold with like colors.
Lay flat to dry.
Do not use fabric softener or bleach.

This listing is for the romper only, but...
We also carry accessories and Mom, Dad, & sibling shirts all available in the ""One Birthday"" section of our shop. Check out the link below:
https://www.etsy.com/shop/2troubleboys?ref=seller-platform-mcnav&section_id=25625515"
"1st Birthday Moon, Space Themed Slim Fit Romper. Moon Landing. First Birthday Astronaut. Planet. Baby Boy Girl. Blue and White Planets Stars","1st birthday outfit,1st birthday shirt,baby boy romper,1st birthday romper,Aegean Blue,Short Sleeve,Birthday Boy,Black,One Small Step,Moon Landing,Space Theme,Planets and Stars,Astronaut","1st birthday Romper!   This adorable romper is the perfect addition to your space explorer's  first birthday!
* Aegean Blue, Black, or Gray Short Sleeved Romper
* Available in 6,9,12, and 18 month sizes.  Also available in 2T and 3T. 
* Romper is a full length romper. 
* Snaps at one shoulder for easy on and off. Also Snaps at the legs for easy diaper changes

***This is a SLIM FIT romper, we recommend sizing up 1 size.  It is not ideal for chubby-thighed babies.  We do offer other relaxed fit styles of romper to better fit those children.

Checkout our other space themed designs here:
https://www.etsy.com/shop/2troubleboys?ref=simple-shop-header-name&listing_id=983742131&section_id=33686867

If no name is wanted please put ""none"" in the box.

You may choose to add a child's name and the number ""1"" to the back of the romper. (If you choose the front and back option, please remember to add the name you'd like to the ""notes to seller"" at checkout.)  The name and the number ""1"" automatically come together with the front and back option.  If you do not want one or the other, please let me know in the ""notes to seller"""
1st Birthday Navy and White Striped Romper.  First Birthday Boy Outfit. Wild One Birthday Boy. Mr Onederful 1st Birthday. Dinosaur. Monster,"Wild one,1st birthday outfit,1st birthday,1st birthday shirt,first birthday,wild one romper,wild one shirt,boy 1st birthday,baby boy outfit,baby boy romper,baby's 1st birthday,Dinosaur birthday,Monster birthday","Take a walk on the wild side! This adorable romper is the perfect addition to your wild one's first birthday!  White and Navy stripes with gold writing makes for a striking outfit!  Dino/ Monster scales on the side for added wildness!
* Available in 12month or 18 month.  The feedback we‚Äôve received on sizing is that these run large.
* Romper is a full romper and is made to go clear to the foot.
* Snaps at each shoulder for easy on and off.  Additional snaps along the inside of the leg are great for quick diaper changes


Care instructions: 
Hand wash or machine wash on gentle cycle only
lay flat to dry or dry inside out on low only

This listing is for the romper only, but...
We also carry accessories and mom, dad , and sibling shirts all available in the ""One Birthday"" section of our shop.  You can find that here:
https://www.etsy.com/shop/2troubleboys?ref=simple-shop-header-name&listing_id=768848534&section_id=25625515"
"1st Birthday Navy and White Striped Romper with Red .  4th of July First Birthday Boy Outfit. Wild One Birthday Boy. Red, White and Blue","1st birthday outfit,1st birthday,first birthday,wild one romper,wild one shirt,boy 1st birthday,baby's 1st birthday,Dinosaur birthday,Monster birthday,4th of July,Red white and blue,independence day,memorial day","Take a walk on the wild side! This adorable romper is the perfect addition to your wild one's first birthday!  White and Navy stripes with Red writing makes for a striking outfit!  Dino/ Monster scales on the side for added wildness!
* Available in 12month or 18 month.  The feedback we‚Äôve received on sizing is that these run large.
* Romper is a full romper and is made to go clear to the foot.
* Snaps at each shoulder for easy on and off.  Additional snaps along the inside of the leg are great for quick diaper changes


Care instructions: 
Hand wash or machine wash on gentle cycle only
lay flat to dry or dry inside out on low only

To see more of our ""One"" birthday collection, follow the link below:
https://www.etsy.com/shop/2troubleboys?ref=simple-shop-header-name&listing_id=826323657&section_id=25625515"
1st Birthday One Outfit. Aegean Blue with Glitter Gold One Sleeveless First Birthday. Baby Boy 1st Birthday. One Baby Boy Birthday Outfit.,"1st birthday outfit,1st birthday,1st birthday shirt,first birthday,baby boy outfit,baby boy romper,trendy baby,1st birthday romper,wild one,wild and one,Aegean Blue,Birthday Boy,Gold Glitter","1st birthday Romper!   This adorable Aegean Blue  romper with Glitter Gold ""One"" and matte gold name on the back,  is the perfect addition to your little one's first birthday!
* Aegean Blue Romper with Gold Design
* Available in 6,9,12, and 18 month sizes.  Also available in 2T and 3T. 
* Sleeveless with snaps at one shoulder for easy off over the head.
* Romper is a full length romper. 
* No snaps at the legs. 

*NEW* Monster Claw, Wild One Slippers can be purchased here: https://www.etsy.com/listing/748422707/wild-one-first-birthday-boy-brown?ref=shop_home_active_2&pro=1&frs=1
Matching crown available here:
https://www.etsy.com/listing/680888256/first-birthday-crown-one-crown-for-boy?ref=shop_home_active_1&pro=1

You may choose to add a child's name and the number ""1"" to the back of the romper. (If you choose the front and back option, please remember to add the name you'd like to the ""notes to seller"" at checkout.)  The name and the number ""1"" automatically come together with the front and back option.  If you do not want one or the other, please let me know in the ""notes to seller""
If no name is wanted please put ""none"" in the box.

Sizing information:
6 Month: Shoulder to between legs 14"" . Shoulder to ankle 20"".
9 Month: Shoulder to between legs 15"". Shoulder to ankle 22.5"".
12 Month: Shoulder to between legs 16"". Shoulder to ankle 23.5"".
18 Month: Shoulder to between legs 16.5"". Shoulder to ankle 24.5"".
2T: Shoulder to between legs 17.5"". Shoulder to ankle 26""
3T: Shoulder to between legs 19"". Shoulder to ankle. 29""
 
Based on our other rompers, we believe this romper runs a little small.  Please use measurements to ensure proper fit.

Measuring directions:
The best way to measure is to take an existing bodysuit and measure from the middle of the shoulder to the crotch area. Then compare to the measurements listed above.  If you are unsure, we always recommend sizing up. Make sure to take into account any growth that may take place if you order in advance.

Wanting the writing in a different color?  Please contact us for options!

Care instructions: 
Hand wash or machine wash on gentle cycle only
lay flat to dry or dry inside out on low only.
Do not use fabric softner or bleach."
1st Birthday One Outfit. Slim Fit Aegean Blue Short Sleeve First Birthday Romper. One. Baby Boy 1st Birthday. One Baby Boy Birthday Outfit.,"1st birthday outfit,1st birthday,1st birthday shirt,first birthday,baby boy outfit,baby boy romper,trendy baby,1st birthday romper,wild one,wild and one,Aegean Blue,Birthday Boy,Short Sleeve Romper","1st birthday Romper!  This adorable romper is the perfect addition to your little one's first birthday!
* Aegean Blue, Black, White, or Gray Romper with Gold Design.
* Short Sleeves with snaps at one shoulder for easy off over the head, as well as snaps at the legs for easy diaper changes.
* Romper is a full length romper. 

You may choose to add a child's name and the number ""1"" to the back of the romper. (If you select the front and back option, please remember to add the name you'd like to the ""Personalization"" box).  The name and the number ""1"" automatically come together with the front & back option.  If you do not want one or the other, please let me know in the ""Notes to Seller"" section.  
If no name is wanted please put ""none"" in the box.

Sizing information can be found in the photo section. 

Please. please, please check measurements to ensure proper size.  The amount of stretch is less than an the average bodysuit.
The best way to measure is to take an existing bodysuit and measure from the middle of the shoulder to the crotch area.  Make sure to take into account any growth that may take place if you order in advance.
 
Based on our other rompers, we believe this romper runs a little small.  Please use measurements to ensure proper fit.

This romper consists of a 95% Cotton/5% Spandex material. 

Wanting the writing in a different color?  Please contact us prior to ordering for options!

Care instructions: 
Machine wash cold with like colors.
Lay flat to dry.
Do not use fabric softener or bleach.

This listing is for the romper only, but...
We also carry accessories and Mom, Dad, & sibling shirts all available in the ""One Birthday"" section of our shop. Check out the link below:
https://www.etsy.com/shop/2troubleboys?ref=seller-platform-mcnav&section_id=25625515"
Boho Abstract Printable Wall Art | Minimalist Flower Design in Earth Tones | Modern Bohemian High-Resolution Digital Art Download,"boho wall art,bohemian wall art,abstract wall decor,minimalist wall art,geometric art print,digital art download,earthy tones art,modern boho decor,4D digital artwork,contemporary art,vibrant boho art,aesthetic wall art,flower art design","Elevate your space with this exclusive modern abstract design from 4DPrintSpace! Featuring bold geometric shapes and soothing neutral tones, this minimalist artwork blends seamlessly into any decor style, from mid-century modern to contemporary. Perfect for both digital display and premium printing. üåü

üñºÔ∏è What You Get:

Two Formats Included: PNG files for digital use and TIFF files in CMYK 16-bit for professional printing.
Multiple Sizes: Files in 2:3, A ISO (5:7), 3:4, 4:5, and 11:14 aspect ratios to fit your frames and screens.
Ultra-High Resolution: 11520x14400 pixels at 600 PPI for flawless detail and versatility.
Easy Access: Instantly download a PDF containing secure links to your files hosted on Dropbox.

üé® Why You'll Love It:

Designed to complement living rooms, offices, bedrooms, and more.
Sustainable and eco-friendly‚Äîchoose your preferred printing method or enjoy digitally üåø.
Created by 4DPrintSpace, blending timeless aesthetics with cutting-edge 4D innovation.

üì© How It Works:

Purchase your favorite design.
Instantly download a PDF with secure Dropbox links to your files.
Print at home, use a professional printer, or display digitally to suit your space.
üí° Pro Tip: Opt for the TIFF files and professional printing to achieve gallery-quality results. For digital frames or screens, the PNG files will showcase every detail beautifully.

Transform your walls with this timeless yet innovative artwork. Designed to inspire creativity and evolve with you, this piece is more than decor‚Äîit‚Äôs a statement. üíô"
Boho Abstract Printable Wall Art | Minimalist Geometric Design in Earth Tones | Modern Bohemian High-Resolution Digital Art Download,"boho wall art,bohemian wall art,abstract wall decor,minimalist wall art,geometric art print,digital art download,earthy tones art,modern boho decor,4D digital artwork,contemporary art,vibrant boho art,geometric design,aesthetic wall art","Elevate your space with this exclusive modern abstract design from 4DPrintSpace! Featuring bold geometric shapes and soothing neutral tones, this minimalist artwork blends seamlessly into any decor style, from mid-century modern to contemporary. Perfect for both digital display and premium printing. üåü

üñºÔ∏è What You Get:

Two Formats Included: PNG files for digital use and TIFF files in CMYK 16-bit for professional printing.
Multiple Sizes: Files in 2:3, A ISO (5:7), 3:4, 4:5, and 11:14 aspect ratios to fit your frames and screens.
Ultra-High Resolution: 11520x14400 pixels at 600 PPI for flawless detail and versatility.
Easy Access: Instantly download a PDF containing secure links to your files hosted on Dropbox.

üé® Why You'll Love It:

Designed to complement living rooms, offices, bedrooms, and more.
Sustainable and eco-friendly‚Äîchoose your preferred printing method or enjoy digitally üåø.
Created by 4DPrintSpace, blending timeless aesthetics with cutting-edge 4D innovation.

üì© How It Works:

Purchase your favorite design.
Instantly download a PDF with secure Dropbox links to your files.
Print at home, use a professional printer, or display digitally to suit your space.
üí° Pro Tip: Opt for the TIFF files and professional printing to achieve gallery-quality results. For digital frames or screens, the PNG files will showcase every detail beautifully.

Transform your walls with this timeless yet innovative artwork. Designed to inspire creativity and evolve with you, this piece is more than decor‚Äîit‚Äôs a statement. üíô"
Boho Abstract Printable Wall Art | Minimalist Geometric Design in Earth Tones | Modern Bohemian High-Resolution Digital Art Download,"boho wall art,bohemian wall art,abstract wall decor,minimalist wall art,geometric art print,digital art download,earthy tones art,modern boho decor,4D digital artwork,contemporary art,vibrant boho art,geometric design,aesthetic wall art","Elevate your space with this exclusive modern abstract design from 4DPrintSpace! Featuring bold geometric shapes and soothing neutral tones, this minimalist artwork blends seamlessly into any decor style, from mid-century modern to contemporary. Perfect for both digital display and premium printing. üåü

üñºÔ∏è What You Get:

Two Formats Included: PNG files for digital use and TIFF files in CMYK 16-bit for professional printing.
Multiple Sizes: Files in 2:3, A ISO (5:7), 3:4, 4:5, and 11:14 aspect ratios to fit your frames and screens.
Ultra-High Resolution: 11520x14400 pixels at 600 PPI for flawless detail and versatility.
Easy Access: Instantly download a PDF containing secure links to your files hosted on Dropbox.

üé® Why You'll Love It:

Designed to complement living rooms, offices, bedrooms, and more.
Sustainable and eco-friendly‚Äîchoose your preferred printing method or enjoy digitally üåø.
Created by 4DPrintSpace, blending timeless aesthetics with cutting-edge 4D innovation.

üì© How It Works:

Purchase your favorite design.
Instantly download a PDF with secure Dropbox links to your files.
Print at home, use a professional printer, or display digitally to suit your space.
üí° Pro Tip: Opt for the TIFF files and professional printing to achieve gallery-quality results. For digital frames or screens, the PNG files will showcase every detail beautifully.

Transform your walls with this timeless yet innovative artwork. Designed to inspire creativity and evolve with you, this piece is more than decor‚Äîit‚Äôs a statement. üíô"
Boho Abstract Printable Wall Art | Minimalist Geometric Design in Earth Tones | Modern Bohemian High-Resolution Digital Art Download,"boho wall art,bohemian wall art,abstract wall decor,minimalist wall art,geometric art print,digital art download,earthy tones art,modern boho decor,4D digital artwork,contemporary art,vibrant boho art,geometric design,aesthetic wall art","Elevate your space with this exclusive modern abstract design from 4DPrintSpace! Featuring bold geometric shapes and soothing neutral tones, this minimalist artwork blends seamlessly into any decor style, from mid-century modern to contemporary. Perfect for both digital display and premium printing. üåü

üñºÔ∏è What You Get:

Two Formats Included: PNG files for digital use and TIFF files in CMYK 16-bit for professional printing.
Multiple Sizes: Files in 2:3, A ISO (5:7), 3:4, 4:5, and 11:14 aspect ratios to fit your frames and screens.
Ultra-High Resolution: 11520x14400 pixels at 600 PPI for flawless detail and versatility.
Easy Access: Instantly download a PDF containing secure links to your files hosted on Dropbox.

üé® Why You'll Love It:

Designed to complement living rooms, offices, bedrooms, and more.
Sustainable and eco-friendly‚Äîchoose your preferred printing method or enjoy digitally üåø.
Created by 4DPrintSpace, blending timeless aesthetics with cutting-edge 4D innovation.

üì© How It Works:

Purchase your favorite design.
Instantly download a PDF with secure Dropbox links to your files.
Print at home, use a professional printer, or display digitally to suit your space.
üí° Pro Tip: Opt for the TIFF files and professional printing to achieve gallery-quality results. For digital frames or screens, the PNG files will showcase every detail beautifully.

Transform your walls with this timeless yet innovative artwork. Designed to inspire creativity and evolve with you, this piece is more than decor‚Äîit‚Äôs a statement. üíô"
Boho Abstract Printable Wall Art | Minimalist Geometric Design in Earth Tones | Modern Bohemian High-Resolution Digital Art Download,"boho wall art,bohemian wall art,abstract wall decor,minimalist wall art,geometric art print,digital art download,earthy tones art,modern boho decor,4D digital artwork,contemporary art,vibrant boho art,geometric design,aesthetic wall art","Elevate your space with this exclusive modern abstract design from 4DPrintSpace! Featuring bold geometric shapes and soothing neutral tones, this minimalist artwork blends seamlessly into any decor style, from mid-century modern to contemporary. Perfect for both digital display and premium printing. üåü

üñºÔ∏è What You Get:

Two Formats Included: PNG files for digital use and TIFF files in CMYK 16-bit for professional printing.
Multiple Sizes: Files in 2:3, A ISO (5:7), 3:4, 4:5, and 11:14 aspect ratios to fit your frames and screens.
Ultra-High Resolution: 11520x14400 pixels at 600 PPI for flawless detail and versatility.
Easy Access: Instantly download a PDF containing secure links to your files hosted on Dropbox.

üé® Why You'll Love It:

Designed to complement living rooms, offices, bedrooms, and more.
Sustainable and eco-friendly‚Äîchoose your preferred printing method or enjoy digitally üåø.
Created by 4DPrintSpace, blending timeless aesthetics with cutting-edge 4D innovation.

üì© How It Works:

Purchase your favorite design.
Instantly download a PDF with secure Dropbox links to your files.
Print at home, use a professional printer, or display digitally to suit your space.
üí° Pro Tip: Opt for the TIFF files and professional printing to achieve gallery-quality results. For digital frames or screens, the PNG files will showcase every detail beautifully.

Transform your walls with this timeless yet innovative artwork. Designed to inspire creativity and evolve with you, this piece is more than decor‚Äîit‚Äôs a statement. üíô"
Boho Abstract Printable Wall Art | Minimalist Geometric Design in Earth Tones | Modern Bohemian High-Resolution Digital Art Download,"boho wall art,bohemian wall art,abstract wall decor,minimalist wall art,geometric art print,digital art download,earthy tones art,modern boho decor,4D digital artwork,contemporary art,vibrant boho art,geometric design,aesthetic wall art","Elevate your space with this exclusive modern abstract design from 4DPrintSpace! Featuring bold geometric shapes and soothing neutral tones, this minimalist artwork blends seamlessly into any decor style, from mid-century modern to contemporary. Perfect for both digital display and premium printing. üåü

üñºÔ∏è What You Get:

Two Formats Included: PNG files for digital use and TIFF files in CMYK 16-bit for professional printing.
Multiple Sizes: Files in 2:3, A ISO (5:7), 3:4, 4:5, and 11:14 aspect ratios to fit your frames and screens.
Ultra-High Resolution: 11520x14400 pixels at 600 PPI for flawless detail and versatility.
Easy Access: Instantly download a PDF containing secure links to your files hosted on Dropbox.

üé® Why You'll Love It:

Designed to complement living rooms, offices, bedrooms, and more.
Sustainable and eco-friendly‚Äîchoose your preferred printing method or enjoy digitally üåø.
Created by 4DPrintSpace, blending timeless aesthetics with cutting-edge 4D innovation.

üì© How It Works:

Purchase your favorite design.
Instantly download a PDF with secure Dropbox links to your files.
Print at home, use a professional printer, or display digitally to suit your space.
üí° Pro Tip: Opt for the TIFF files and professional printing to achieve gallery-quality results. For digital frames or screens, the PNG files will showcase every detail beautifully.

Transform your walls with this timeless yet innovative artwork. Designed to inspire creativity and evolve with you, this piece is more than decor‚Äîit‚Äôs a statement. üíô"
Boho Abstract Printable Wall Art | Minimalist Geometric Design in Earth Tones | Modern Bohemian High-Resolution Digital Art Download,"boho wall art,bohemian wall art,abstract wall decor,minimalist wall art,geometric art print,digital art download,earthy tones art,modern boho decor,4D digital artwork,contemporary art,vibrant boho art,geometric design,aesthetic wall art","Elevate your space with this exclusive modern abstract design from 4DPrintSpace! Featuring bold geometric shapes and soothing neutral tones, this minimalist artwork blends seamlessly into any decor style, from mid-century modern to contemporary. Perfect for both digital display and premium printing. üåü

üñºÔ∏è What You Get:

Two Formats Included: PNG files for digital use and TIFF files in CMYK 16-bit for professional printing.
Multiple Sizes: Files in 2:3, A ISO (5:7), 3:4, 4:5, and 11:14 aspect ratios to fit your frames and screens.
Ultra-High Resolution: 11520x14400 pixels at 600 PPI for flawless detail and versatility.
Easy Access: Instantly download a PDF containing secure links to your files hosted on Dropbox.

üé® Why You'll Love It:

Designed to complement living rooms, offices, bedrooms, and more.
Sustainable and eco-friendly‚Äîchoose your preferred printing method or enjoy digitally üåø.
Created by 4DPrintSpace, blending timeless aesthetics with cutting-edge 4D innovation.

üì© How It Works:

Purchase your favorite design.
Instantly download a PDF with secure Dropbox links to your files.
Print at home, use a professional printer, or display digitally to suit your space.
üí° Pro Tip: Opt for the TIFF files and professional printing to achieve gallery-quality results. For digital frames or screens, the PNG files will showcase every detail beautifully.

Transform your walls with this timeless yet innovative artwork. Designed to inspire creativity and evolve with you, this piece is more than decor‚Äîit‚Äôs a statement. üíô"
Boho Abstract Printable Wall Art | Minimalist Geometric Design in Earth Tones | Modern Bohemian High-Resolution Digital Art Download,"boho wall art,bohemian wall art,abstract wall decor,minimalist wall art,geometric art print,digital art download,earthy tones art,modern boho decor,4D digital artwork,contemporary art,vibrant boho art,geometric design,aesthetic wall art","Elevate your space with this exclusive modern abstract design from 4DPrintSpace! Featuring bold geometric shapes and soothing neutral tones, this minimalist artwork blends seamlessly into any decor style, from mid-century modern to contemporary. Perfect for both digital display and premium printing. üåü

üñºÔ∏è What You Get:

Two Formats Included: PNG files for digital use and TIFF files in CMYK 16-bit for professional printing.
Multiple Sizes: Files in 2:3, A ISO (5:7), 3:4, 4:5, and 11:14 aspect ratios to fit your frames and screens.
Ultra-High Resolution: 11520x14400 pixels at 600 PPI for flawless detail and versatility.
Easy Access: Instantly download a PDF containing secure links to your files hosted on Dropbox.

üé® Why You'll Love It:

Designed to complement living rooms, offices, bedrooms, and more.
Sustainable and eco-friendly‚Äîchoose your preferred printing method or enjoy digitally üåø.
Created by 4DPrintSpace, blending timeless aesthetics with cutting-edge 4D innovation.

üì© How It Works:

Purchase your favorite design.
Instantly download a PDF with secure Dropbox links to your files.
Print at home, use a professional printer, or display digitally to suit your space.
üí° Pro Tip: Opt for the TIFF files and professional printing to achieve gallery-quality results. For digital frames or screens, the PNG files will showcase every detail beautifully.

Transform your walls with this timeless yet innovative artwork. Designed to inspire creativity and evolve with you, this piece is more than decor‚Äîit‚Äôs a statement. üíô"
Boho Abstract Printable Wall Art | Minimalist Geometric Design in Earth Tones | Modern Bohemian High-Resolution Digital Art Download,"boho wall art,bohemian wall art,abstract wall decor,minimalist wall art,geometric art print,digital art download,earthy tones art,modern boho decor,4D digital artwork,contemporary art,vibrant boho art,geometric design,aesthetic wall art","Elevate your space with this exclusive modern abstract design from 4DPrintSpace! Featuring bold geometric shapes and soothing neutral tones, this minimalist artwork blends seamlessly into any decor style, from mid-century modern to contemporary. Perfect for both digital display and premium printing. üåü

üñºÔ∏è What You Get:

Two Formats Included: PNG files for digital use and TIFF files in CMYK 16-bit for professional printing.
Multiple Sizes: Files in 2:3, A ISO (5:7), 3:4, 4:5, and 11:14 aspect ratios to fit your frames and screens.
Ultra-High Resolution: 11520x14400 pixels at 600 PPI for flawless detail and versatility.
Easy Access: Instantly download a PDF containing secure links to your files hosted on Dropbox.

üé® Why You'll Love It:

Designed to complement living rooms, offices, bedrooms, and more.
Sustainable and eco-friendly‚Äîchoose your preferred printing method or enjoy digitally üåø.
Created by 4DPrintSpace, blending timeless aesthetics with cutting-edge 4D innovation.

üì© How It Works:

Purchase your favorite design.
Instantly download a PDF with secure Dropbox links to your files.
Print at home, use a professional printer, or display digitally to suit your space.
üí° Pro Tip: Opt for the TIFF files and professional printing to achieve gallery-quality results. For digital frames or screens, the PNG files will showcase every detail beautifully.

Transform your walls with this timeless yet innovative artwork. Designed to inspire creativity and evolve with you, this piece is more than decor‚Äîit‚Äôs a statement. üíô"
Boho Abstract Printable Wall Art | Minimalist Geometric Design in Earth Tones | Modern Bohemian High-Resolution Digital Art Download,"boho wall art,bohemian wall art,abstract wall decor,minimalist wall art,geometric art print,digital art download,earthy tones art,modern boho decor,4D digital artwork,contemporary art,vibrant boho art,geometric design,aesthetic wall art","Elevate your space with this exclusive modern abstract design from 4DPrintSpace! Featuring bold geometric shapes and soothing neutral tones, this minimalist artwork blends seamlessly into any decor style, from mid-century modern to contemporary. Perfect for both digital display and premium printing. üåü

üñºÔ∏è What You Get:

Two Formats Included: PNG files for digital use and TIFF files in CMYK 16-bit for professional printing.
Multiple Sizes: Files in 2:3, A ISO (5:7), 3:4, 4:5, and 11:14 aspect ratios to fit your frames and screens.
Ultra-High Resolution: 11520x14400 pixels at 600 PPI for flawless detail and versatility.
Easy Access: Instantly download a PDF containing secure links to your files hosted on Dropbox.

üé® Why You'll Love It:

Designed to complement living rooms, offices, bedrooms, and more.
Sustainable and eco-friendly‚Äîchoose your preferred printing method or enjoy digitally üåø.
Created by 4DPrintSpace, blending timeless aesthetics with cutting-edge 4D innovation.

üì© How It Works:

Purchase your favorite design.
Instantly download a PDF with secure Dropbox links to your files.
Print at home, use a professional printer, or display digitally to suit your space.
üí° Pro Tip: Opt for the TIFF files and professional printing to achieve gallery-quality results. For digital frames or screens, the PNG files will showcase every detail beautifully.

Transform your walls with this timeless yet innovative artwork. Designed to inspire creativity and evolve with you, this piece is more than decor‚Äîit‚Äôs a statement. üíô"
ACDC World Tour 88| Rock band Tshirt,,"100% Cotton unisex shirts
Design and printed in the USA.
Processing time 1-3 days.
All orders are shipped USPS Ground Advantage.
We do custom orders. Feel free to message us for a quote.
Thank you for shopping with us. If you are satisfied with your purchase, please leave us a review.100% Cotton unisex shirts
Design and printed in the USA.
Processing time 1-3 days.
All orders are shipped USPS Ground Advantage.
We do custom orders. Feel free to message us for a quote.
Thank you for shopping with us. If you are satisfied with your purchase, please leave us a review.100% Cotton unisex shirts
Design and printed in the USA.
Processing time 1-3 days.
All orders are shipped USPS First Class Mail.
Returns are accepted 30 days after delivery.
Buyers pay return shipping.
We do custom orders. Feel free to message us for a quote.
Thank you for shopping with us. If you are satisfied with your purchase, please leave a review."
Aint a woman alive that could take my mama‚Äôs place | Tupac Tshirt,,"100% Cotton unisex shirts
Design and printed in the USA.
Processing time 1-3 days.
All orders are shipped USPS Ground Advantage.
We do custom orders. Feel free to message us for a quote.
Thank you for shopping with us. If you are satisfied with your purchase, please leave us a review.100% Cotton unisex shirts
Design and printed in the USA.
Processing time 1-3 days.
All orders are shipped USPS Ground Advantage.
We do custom orders. Feel free to message us for a quote.
Thank you for shopping with us. If you are satisfied with your purchase, please leave us a review.100% Cotton unisex shirts
Design and printed in the USA.
Processing time 1-3 days.
All orders are shipped USPS First Class Mail.
Returns are accepted 30 days after delivery.
Buyers pay return shipping.
We do custom orders. Feel free to message us for a quote.
Thank you for shopping with us. If you are satisfied with your purchase, please leave a review."
A little dirt never hurt toddler infant Tshirt,,"100% Cotton unisex shirts
Design and printed in the USA.
Processing time 1-3 days.
All orders are shipped USPS Ground Advantage.
We do custom orders. Feel free to message us for a quote.
Thank you for shopping with us. If you are satisfied with your purchase, please leave us a review.100% Cotton unisex shirts
Design and printed in the USA.
Processing time 1-3 days.
All orders are shipped USPS Ground Advantage.
We do custom orders. Feel free to message us for a quote.
Thank you for shopping with us. If you are satisfied with your purchase, please leave us a review.100% Cotton unisex shirts
Design and printed in the USA.
Processing time 1-3 days.
All orders are shipped USPS First Class Mail.
Returns are accepted 30 days after delivery.
Buyers pay return shipping.
We do custom orders. Feel free to message us for a quote.
Thank you for shopping with us. If you are satisfied with your purchase, please leave a review."
All spruced up Christmas Tshirt | sweatshirt | Hoodie,,"100% Cotton unisex shirts
Design and printed in the USA.Processing time 1-3 days.All orders are shipped USPS Ground Advantage.We do custom orders. Feel free to message us for a quote.Thank you for shopping with us. If you are satisfied with your purchase, please leave us a review."
America | Adult Youth Toddler Infant Tshirt,,"100% Cotton unisex shirts
Design and printed in the USA.
Processing time 1-3 days.
All orders are shipped USPS Ground Advantage.
We do custom orders. Feel free to message us for a quote.
Thank you for shopping with us. If you are satisfied with your purchase, please leave us a review.100% Cotton unisex shirts
Design and printed in the USA.
Processing time 1-3 days.
All orders are shipped USPS Ground Advantage.
We do custom orders. Feel free to message us for a quote.
Thank you for shopping with us. If you are satisfied with your purchase, please leave us a review.100% Cotton unisex shirts
Design and printed in the USA.
Processing time 1-3 days.
All orders are shipped USPS First Class Mail.
Returns are accepted 30 days after delivery.
Buyers pay return shipping.
We do custom orders. Feel free to message us for a quote.
Thank you for shopping with us. If you are satisfied with your purchase, please leave a review."
America Ets 1776 | America Tshirt,,"100% Cotton unisex shirts
Design and printed in the USA.
Processing time 1-3 days.
All orders are shipped USPS Ground Advantage.
We do custom orders. Feel free to message us for a quote.
Thank you for shopping with us. If you are satisfied with your purchase, please leave us a review.100% Cotton unisex shirts
Design and printed in the USA.
Processing time 1-3 days.
All orders are shipped USPS Ground Advantage.
We do custom orders. Feel free to message us for a quote.
Thank you for shopping with us. If you are satisfied with your purchase, please leave us a review.100% Cotton unisex shirts
Design and printed in the USA.
Processing time 1-3 days.
All orders are shipped USPS First Class Mail.
Returns are accepted 30 days after delivery.
Buyers pay return shipping.
We do custom orders. Feel free to message us for a quote.
Thank you for shopping with us. If you are satisfied with your purchase, please leave a review."
American Babe  | Adult Youth Toddler Infant Tshirt,,"100% Cotton unisex shirts
Design and printed in the USA.
Processing time 1-3 days.
All orders are shipped USPS Ground Advantage.
We do custom orders. Feel free to message us for a quote.
Thank you for shopping with us. If you are satisfied with your purchase, please leave us a review.100% Cotton unisex shirts
Design and printed in the USA.
Processing time 1-3 days.
All orders are shipped USPS Ground Advantage.
We do custom orders. Feel free to message us for a quote.
Thank you for shopping with us. If you are satisfied with your purchase, please leave us a review.100% Cotton unisex shirts
Design and printed in the USA.
Processing time 1-3 days.
All orders are shipped USPS First Class Mail.
Returns are accepted 30 days after delivery.
Buyers pay return shipping.
We do custom orders. Feel free to message us for a quote.
Thank you for shopping with us. If you are satisfied with your purchase, please leave a review."
American Babe  | Adult Youth Toddler Infant Tshirt,,"100% Cotton unisex shirts
Design and printed in the USA.
Processing time 1-3 days.
All orders are shipped USPS Ground Advantage.
We do custom orders. Feel free to message us for a quote.
Thank you for shopping with us. If you are satisfied with your purchase, please leave us a review.100% Cotton unisex shirts
Design and printed in the USA.
Processing time 1-3 days.
All orders are shipped USPS Ground Advantage.
We do custom orders. Feel free to message us for a quote.
Thank you for shopping with us. If you are satisfied with your purchase, please leave us a review.100% Cotton unisex shirts
Design and printed in the USA.
Processing time 1-3 days.
All orders are shipped USPS First Class Mail.
Returns are accepted 30 days after delivery.
Buyers pay return shipping.
We do custom orders. Feel free to message us for a quote.
Thank you for shopping with us. If you are satisfied with your purchase, please leave a review."
American Mama | Adult Tshirt,,"100% Cotton unisex shirts
Design and printed in the USA.
Processing time 1-3 days.
All orders are shipped USPS Ground Advantage.
We do custom orders. Feel free to message us for a quote.
Thank you for shopping with us. If you are satisfied with your purchase, please leave us a review.100% Cotton unisex shirts
Design and printed in the USA.
Processing time 1-3 days.
All orders are shipped USPS Ground Advantage.
We do custom orders. Feel free to message us for a quote.
Thank you for shopping with us. If you are satisfied with your purchase, please leave us a review.100% Cotton unisex shirts
Design and printed in the USA.
Processing time 1-3 days.
All orders are shipped USPS First Class Mail.
Returns are accepted 30 days after delivery.
Buyers pay return shipping.
We do custom orders. Feel free to message us for a quote.
Thank you for shopping with us. If you are satisfied with your purchase, please leave a review."
American Mama  | America | Adult Tshirt,,"100% Cotton unisex shirts
Design and printed in the USA.
Processing time 1-3 days.
All orders are shipped USPS Ground Advantage.
We do custom orders. Feel free to message us for a quote.
Thank you for shopping with us. If you are satisfied with your purchase, please leave us a review.100% Cotton unisex shirts
Design and printed in the USA.
Processing time 1-3 days.
All orders are shipped USPS Ground Advantage.
We do custom orders. Feel free to message us for a quote.
Thank you for shopping with us. If you are satisfied with your purchase, please leave us a review.100% Cotton unisex shirts
Design and printed in the USA.
Processing time 1-3 days.
All orders are shipped USPS First Class Mail.
Returns are accepted 30 days after delivery.
Buyers pay return shipping.
We do custom orders. Feel free to message us for a quote.
Thank you for shopping with us. If you are satisfied with your purchase, please leave a review."
Alfa Romeo F1 Poster Print | Abu Dhabi GP 2023 Yas Marina Print | F1 Poster | Grand Prix Race Poster | F1 Wall Decor | Formula 1 Gift |,"f1 gift,formula 1 gift,f1 poster,f1 poster print,alfa romeo poster,alfa romeo f1,valteri bottas,zhou guanyu,alfa romeo f1 poster,alfa romeo gift,kimi raikkonen,alfa romeo f1 merch,alfa romeo f1 print","üèé Abu Dhabi GP cover in the collection of Alfa Romeo F1 Race Cover Arts for 2023 F1 season.

üëæ Tired of the blank walls in your home? This Alfa Romeo poster and our other Formula 1 posters are the perfect choice for you and your environment! Decorate your room with our Alfa Romeo poster prints and F1 decors, or make a Alfa Romeo F1 gift to your friend!

‚ùì Are these posters framed?
No, our posters do not include a frame.

üåç International shipping! Outside US buyers, Please use the code ‚ÄúNOSHIP‚Äù to avoid shipping fee for digital downloads. 

üåü Free shipping within USA!

üè∑Ô∏è Discounts and campaigns are waiting for you!

‚≠ê Our posters are available in multiple sizes. You can easily choose the most suitable one for you!

‚≠ê If you want this poster personalizable or if you have something special in your mind, contact us!

‚≠ê If the poster does gather any dust, you may wipe it off gently with a clean, dry cloth.

‚≠ê 175 gsm fine art paper

‚≠ê Matte finish"
Alfa Romeo F1 Poster Print | Las Vegas GP 2023 Nevada Print | F1 Poster | Grand Prix Race Poster | F1 Wall Decor | Formula 1 Gift |,"f1 gift,formula 1 gift,f1 poster,f1 poster print,alfa romeo poster,alfa romeo f1,valteri bottas,zhou guanyu,alfa romeo f1 poster,alfa romeo gift,alfa romeo f1 merch,alfa romeo f1 print,las vegas f1 poster","üèé Las Vegas GP cover in the collection of Alfa Romeo F1 Race Cover Arts for 2023 F1 season.

üëæ Tired of the blank walls in your home? This Alfa Romeo poster and our other Formula 1 posters are the perfect choice for you and your environment! Decorate your room with our Alfa Romeo poster prints and F1 decors, or make a Alfa Romeo F1 gift to your friend!

‚ùì Are these posters framed?
No, our posters do not include a frame.

üåç International shipping! Outside US buyers, Please use the code ‚ÄúNOSHIP‚Äù to avoid shipping fee for digital downloads. 

üåü Free shipping within USA!

üè∑Ô∏è Discounts and campaigns are waiting for you!

‚≠ê Our posters are available in multiple sizes. You can easily choose the most suitable one for you!

‚≠ê If you want this poster personalizable or if you have something special in your mind, contact us!

‚≠ê If the poster does gather any dust, you may wipe it off gently with a clean, dry cloth.

‚≠ê 175 gsm fine art paper

‚≠ê Matte finish"
Alfa Romeo F1 Poster Print | Mexican GP 2023 Mexico City Print | F1 Poster | Grand Prix Race Poster | F1 Wall Decor | Formula 1 Gift |,"f1 gift,formula 1 gift,f1 poster,f1 poster print,alfa romeo poster,alfa romeo f1,valteri bottas,zhou guanyu,alfa romeo f1 poster,alfa romeo gift,kimi raikkonen,alfa romeo f1 merch,alfa romeo f1 print","üèé Mexican GP cover in the collection of Alfa Romeo F1 Race Cover Arts for 2023 F1 season.

üëæ Tired of the blank walls in your home? This Alfa Romeo poster and our other Formula 1 posters are the perfect choice for you and your environment! Decorate your room with our Alfa Romeo poster prints and F1 decors, or make a Alfa Romeo F1 gift to your friend!

‚ùì Are these posters framed?
No, our posters do not include a frame.

üåç International shipping! Outside US buyers, Please use the code ‚ÄúNOSHIP‚Äù to avoid shipping fee for digital downloads. 

üåü Free shipping within USA!

üè∑Ô∏è Discounts and campaigns are waiting for you!

‚≠ê Our posters are available in multiple sizes. You can easily choose the most suitable one for you!

‚≠ê If you want this poster personalizable or if you have something special in your mind, contact us!

‚≠ê If the poster does gather any dust, you may wipe it off gently with a clean, dry cloth.

‚≠ê 175 gsm fine art paper

‚≠ê Matte finish"
Alfa Romeo Poster | 4C Coup√© Poster #8113.0 | Alfa Romeo Wall Decor | Alfa Romeo Art Illustration | Gift for Him | Gift For Her,"car poster print,car wall art,car artwork print,car illustration,car guy gift,alfa romeo poster,alfa romeo print,alfa romeo gift art,alfa romeo giulia,alfa romeo 4c coupe,alfa 4c coupe gift,aurora gift poster,northern lights gift","üõû Illustration of Alfa Romeo 4C Coup√© speeding under the Northern Lights.

üåü Immerse yourself in the exhilarating world of the Alfa Romeo 4C Coup√©, a true masterpiece in automotive history.

‚ùì Is the poster framed?
No, our posters do not include a frame.

üåç We proudly ship internationally! Use code ""NOSHIP"" for complimentary shipping on digital downloads outside the US and UK.

üè∑Ô∏è Explore our exclusive discounts and special campaigns for premium-quality wall decor! üéÅ

üöó Seeking to transform your walls? Our Alfa Romeo 4C Coup√© poster and other automotive prints are tailor-made for enhancing your space! Embellish your room with our Alfa Romeo 4C Coup√© poster prints and automotive artworks, or surprise a car enthusiast with a distinctive gift!

‚≠ê Available in various sizes, ensuring the perfect fit for your automotive sanctuary.

‚≠ê Why should you add this premium quality poster to your collection? The Alfa Romeo 4C Coup√© transcends being just a car; it's a high-performance odyssey through automotive excellence, boasting a sleek design and formidable power! üåü

‚≠ê Searching for the ideal gift for a car enthusiast? This poster is an exceptional choice that will undoubtedly bring joy to any automotive lover. üéÅ

‚≠ê Maintenance is a breeze ‚Äì simply wipe off any dust with a clean, dry cloth. üßπ

‚≠ê Printed on high-quality 175 gsm fine art paper with a sleek matte finish, our posters capture the essence of the Alfa Romeo 4C Coup√©. üñºÔ∏è"
Alfa Romeo Poster | 4C Coup√© Poster #9113.0 | Alfa Romeo Wall Decor | Alfa Romeo Art Illustration | Gift for Him | Gift For Her,"car poster print,car wall art,car artwork print,car illustration,car guy gift,travel poster art,portofino italy art,alfa romeo poster,alfa romeo print,alfa romeo gift art,alfa romeo giulia,alfa romeo 4c coupe,alfa 4c coupe gift","üõû Illustration of Alfa Romeo 4C Coup√© in Portofino, Italy.

üåü Immerse yourself in the exhilarating world of the Alfa Romeo 4C Coup√©, a true masterpiece in automotive history.

‚ùì Is the poster framed?
No, our posters do not include a frame.

üåç We proudly ship internationally! Use code ""NOSHIP"" for complimentary shipping on digital downloads outside the US and UK.

üè∑Ô∏è Explore our exclusive discounts and special campaigns for premium-quality wall decor! üéÅ

üöó Seeking to transform your walls? Our Alfa Romeo 4C Coup√© poster and other automotive prints are tailor-made for enhancing your space! Embellish your room with our Alfa Romeo 4C Coup√© poster prints and automotive artworks, or surprise a car enthusiast with a distinctive gift!

‚≠ê Available in various sizes, ensuring the perfect fit for your automotive sanctuary.

‚≠ê Why should you add this premium quality poster to your collection? The Alfa Romeo 4C Coup√© transcends being just a car; it's a high-performance odyssey through automotive excellence, boasting a sleek design and formidable power! üåü

‚≠ê Searching for the ideal gift for a car enthusiast? This poster is an exceptional choice that will undoubtedly bring joy to any automotive lover. üéÅ

‚≠ê Maintenance is a breeze ‚Äì simply wipe off any dust with a clean, dry cloth. üßπ

‚≠ê Printed on high-quality 175 gsm fine art paper with a sleek matte finish, our posters capture the essence of the Alfa Romeo 4C Coup√©. üñºÔ∏è"
Alfa Romeo Poster | 4C Coup√© Poster #9113.1 | Alfa Romeo Wall Decor | Alfa Romeo Art Illustration | Gift for Him | Gift For Her,"car poster print,car wall art,car artwork print,car illustration,car guy gift,travel poster art,portofino italy art,alfa romeo poster,alfa romeo print,alfa romeo gift art,alfa romeo giulia,alfa romeo 4c coupe,alfa 4c coupe gift","üõû Illustration of Alfa Romeo 4C Coup√© in Portofino, Italy.

üåü Immerse yourself in the exhilarating world of the Alfa Romeo 4C Coup√©, a true masterpiece in automotive history.

‚ùì Is the poster framed?
No, our posters do not include a frame.

üåç We proudly ship internationally! Use code ""NOSHIP"" for complimentary shipping on digital downloads outside the US and UK.

üè∑Ô∏è Explore our exclusive discounts and special campaigns for premium-quality wall decor! üéÅ

üöó Seeking to transform your walls? Our Alfa Romeo 4C Coup√© poster and other automotive prints are tailor-made for enhancing your space! Embellish your room with our Alfa Romeo 4C Coup√© poster prints and automotive artworks, or surprise a car enthusiast with a distinctive gift!

‚≠ê Available in various sizes, ensuring the perfect fit for your automotive sanctuary.

‚≠ê Why should you add this premium quality poster to your collection? The Alfa Romeo 4C Coup√© transcends being just a car; it's a high-performance odyssey through automotive excellence, boasting a sleek design and formidable power! üåü

‚≠ê Searching for the ideal gift for a car enthusiast? This poster is an exceptional choice that will undoubtedly bring joy to any automotive lover. üéÅ

‚≠ê Maintenance is a breeze ‚Äì simply wipe off any dust with a clean, dry cloth. üßπ

‚≠ê Printed on high-quality 175 gsm fine art paper with a sleek matte finish, our posters capture the essence of the Alfa Romeo 4C Coup√©. üñºÔ∏è"
Alfa Romeo Poster | Giulia Quadrifoglio Poster #8110.0 | Alfa Romeo Wall Decor | Alfa Romeo Art Illustration | Gift for Him | Gift For Her,"car poster print,car wall art,car artwork print,car illustration,car guy gift,alfa romeo poster,alfa romeo print,alfa romeo gift art,alfa romeo giulia,giulia quadrifoglio,alfa giulia gift art,aurora gift poster,northern lights gift","üõû Illustration of Alfa Romeo Giulia Quadrifoglio speeding under the Northern Lights.

üåü Immerse yourself in the exhilarating world of the Alfa Romeo Giulia Quadrifoglio, a true masterpiece in automotive history.

‚ùì Is the poster framed?
No, our posters do not include a frame.

üåç We proudly ship internationally! Use code ""NOSHIP"" for complimentary shipping on digital downloads outside the US and UK.

üè∑Ô∏è Explore our exclusive discounts and special campaigns for premium-quality wall decor! üéÅ

üöó Seeking to transform your walls? Our Alfa Romeo Giulia Quadrifoglio poster and other automotive prints are tailor-made for enhancing your space! Embellish your room with our Alfa Romeo Giulia Quadrifoglio poster prints and automotive artworks, or surprise a car enthusiast with a distinctive gift!

‚≠ê Available in various sizes, ensuring the perfect fit for your automotive sanctuary.

‚≠ê Why should you add this premium quality poster to your collection? The Alfa Romeo Giulia Quadrifoglio transcends being just a car; it's a high-performance odyssey through automotive excellence, boasting a sleek design and formidable power! üåü

‚≠ê Searching for the ideal gift for a car enthusiast? This poster is an exceptional choice that will undoubtedly bring joy to any automotive lover. üéÅ

‚≠ê Maintenance is a breeze ‚Äì simply wipe off any dust with a clean, dry cloth. üßπ

‚≠ê Printed on high-quality 175 gsm fine art paper with a sleek matte finish, our posters capture the essence of the Alfa Romeo Giulia Quadrifoglio. üñºÔ∏è"
Alfa Romeo Poster | Giulia Quadrifoglio Poster #9110.0 | Alfa Romeo Wall Decor | Alfa Romeo Art Illustration | Gift for Him | Gift For Her,"car poster print,car wall art,car artwork print,car illustration,car guy gift,travel poster art,portofino italy art,alfa romeo poster,alfa romeo print,alfa romeo gift art,alfa romeo giulia,giulia quadrifoglio,alfa giulia gift art","üõû Illustration of Alfa Romeo Giulia Quadrifoglio in Portofino, Italy.

üåü Immerse yourself in the exhilarating world of the Alfa Romeo Giulia Quadrifoglio, a true masterpiece in automotive history.

‚ùì Is the poster framed?
No, our posters do not include a frame.

üåç We proudly ship internationally! Use code ""NOSHIP"" for complimentary shipping on digital downloads outside the US and UK.

üè∑Ô∏è Explore our exclusive discounts and special campaigns for premium-quality wall decor! üéÅ

üöó Seeking to transform your walls? Our Alfa Romeo Giulia Quadrifoglio poster and other automotive prints are tailor-made for enhancing your space! Embellish your room with our Alfa Romeo Giulia Quadrifoglio poster prints and automotive artworks, or surprise a car enthusiast with a distinctive gift!

‚≠ê Available in various sizes, ensuring the perfect fit for your automotive sanctuary.

‚≠ê Why should you add this premium quality poster to your collection? The Alfa Romeo Giulia Quadrifoglio transcends being just a car; it's a high-performance odyssey through automotive excellence, boasting a sleek design and formidable power! üåü

‚≠ê Searching for the ideal gift for a car enthusiast? This poster is an exceptional choice that will undoubtedly bring joy to any automotive lover. üéÅ

‚≠ê Maintenance is a breeze ‚Äì simply wipe off any dust with a clean, dry cloth. üßπ

‚≠ê Printed on high-quality 175 gsm fine art paper with a sleek matte finish, our posters capture the essence of the Alfa Romeo Giulia Quadrifoglio. üñºÔ∏è"